recordeddate,id,gender,age,height,weight,instagram,condition,choice_perc,panas1,panas2,panas3,panas4,panas5,panas6,panas7,panas8,panas9,panas10,panas11,panas12,panas13,panas14,panas15,panas16,panas17,panas18,panas19,panas20,bss1,bss2,bss3,bss4,bss5,bss6,bss7,bss8,bss9,bss10,bss11,bss12,bss13,bss14,bss15,bss16,bss17,bas1,bas2,bas3,bas4,bas5,bas6,bas7,bas8,bas9,bas10,sac1,sac2,sac3,sac4,pacsr1,pacsr2,pacsr3,pacsr4
2017-12-08T08:46:54Z,NGK2202,Female,18-29,1.62,63.5,No,BPlarger,33.3333333,4,2,1,1,1,2,1,1,1,1,1,2,1,1,2,1,1,1,1,1,6,3,3,4,2,6,5,4,6,5,3,3,2,2,2,3,1,3,3,4,3,3,3,3,2,3,3,2,2,3,1,7,7,7,7
2017-12-08T08:51:47Z,TFI7790,Female,18-29,1.68,60,Yes,BPaverage,25,2,2,1,1,1,1,1,1,1,1,2,1,2,1,3,1,1,2,1,2,7,7,6,7,5,3,7,7,7,7,7,6,7,6,6,6,7,4,4,4,4,4,4,4,4,4,5,1,1,1,1,6,6,6,6
2017-12-08T08:59:41Z,UIS7608,Female,18-29,1.68,56,Yes,BPlarger,100,2,1,1,1,1,4,4,1,1,2,2,1,3,3,4,1,1,5,1,4,1,4,6,5,7,6,5,6,6,4,4,3,1,2,7,1,4,2,2,2,2,2,2,2,2,2,2,2,NA,2,2,9,9,9,9
2017-12-08T10:28:46Z,BRY4215,Female,18-29,1.66,51,Yes,BPlarger,100,2,2,1,2,3,1,2,3,1,2,3,2,1,1,2,2,2,3,2,2,5,5,5,3,7,6,3,7,7,6,5,6,4,5,3,3,4,3,3,4,3,3,3,3,1,2,2,4,4,4,2,8,8,8,8
2017-12-08T11:01:38Z,AYV6112,Female,18-29,1.67,52.7,Yes,BPaverage,33.3333333,3,2,4,2,3,1,1,1,3,4,2,2,1,2,3,2,1,1,2,1,3,3,4,3,3,3,3,4,5,2,3,1,1,2,4,1,2,3,2,2,3,3,2,2,3,3,1,4,3,2,3,8,7,6,7
2017-12-08T15:08:04Z,ZMZ5955,Female,18-29,1.73,63.5,Yes,BPlarger,100,2,1,1,1,2,1,1,1,1,2,2,2,2,1,1,1,1,1,1,1,3,6,6,2,6,6,5,6,7,7,6,7,2,4,6,7,6,3,2,4,2,3,2,1,3,3,2,4,3,5,1,10,9,10,9
2017-12-08T15:44:11Z,DBI7850,Female,18-29,1.65,58,No,BPaverage,50,1,1,1,1,1,1,1,1,1,3,1,2,1,3,1,1,3,1,1,1,7,7,7,7,5,5,6,7,7,6,6,6,6,7,7,6,5,5,5,5,5,5,5,5,4,5,5,1,1,2,1,6,6,6,6
2017-12-08T21:57:02Z,VFZ1330,Female,18-29,1.67,100,Yes,Control,0,2,1,2,1,1,1,1,1,2,1,1,3,1,3,1,1,3,1,1,1,2,3,3,3,5,6,7,7,7,3,2,5,1,2,3,2,5,4,2,4,3,2,1,2,2,3,3,1,NA,NA,NA,10,9,10,10
2017-12-09T04:21:51Z,QFX7225,Female,18-29,1.61,70,Yes,Control,50,4,1,1,1,3,1,1,1,4,4,1,1,1,2,1,4,3,1,3,1,5,6,5,3,3,6,6,7,7,3,4,5,3,3,6,6,6,4,3,4,3,4,4,4,4,4,5,1,1,1,1,8,8,9,9
2017-12-09T04:48:48Z,VTT5806,Female,18-29,1.62,63.5,Yes,BPlarger,50,4,2,3,1,4,2,2,1,4,4,2,3,1,2,2,4,4,2,1,2,6,6,7,3,7,7,6,7,7,7,7,7,5,4,7,5,7,4,4,5,5,4,4,5,5,5,5,3,4,2,2,7,7,7,7
2017-12-09T07:06:21Z,WZR2431,Female,18-29,1.57,89.35,Yes,Control,0,3,1,1,1,1,1,1,1,2,1,1,2,1,2,1,1,3,1,2,1,6,6,5,4,6,3,5,6,6,6,6,5,3,5,5,3,3,4,3,4,4,3,3,3,3,4,3,1,1,1,1,6,6,6,6
2017-12-09T07:12:01Z,CPG6592,Female,18-29,1.62,50,Yes,BPaverage,25,4,1,3,1,3,1,1,1,4,4,2,4,1,4,1,4,4,3,2,1,5,6,5,5,7,4,6,5,6,6,5,5,5,6,6,5,5,3,4,4,3,4,3,3,4,4,3,4,3,5,5,7,8,9,9
2017-12-09T07:19:32Z,WEQ9675,Female,18-29,1.52,44,Yes,BPlarger,50,2,1,1,1,1,1,2,1,1,1,2,3,1,1,2,2,3,2,2,2,3,5,6,2,4,3,5,4,5,4,2,1,2,4,2,3,4,3,3,3,3,3,2,3,2,3,2,4,3,4,4,10,10,10,10
2017-12-09T07:22:11Z,FEI8059,NA,NA,NA,NA,NA,NA,NA,NA,NA,NA,NA,NA,NA,NA,NA,NA,NA,NA,NA,NA,NA,NA,NA,NA,NA,NA,NA,NA,NA,NA,NA,NA,NA,NA,NA,NA,NA,NA,NA,NA,NA,NA,NA,NA,NA,NA,NA,NA,NA,NA,NA,NA,NA,NA,NA,NA,NA,NA,NA,NA,NA,NA
2017-12-09T07:30:32Z,TZZ3101,Female,18-29,1.54,70,Yes,BPaverage,25,5,3,4,3,5,4,2,2,5,5,2,5,1,5,1,5,5,2,4,2,1,7,6,6,6,5,7,7,7,1,7,1,4,1,7,5,1,5,3,5,5,3,4,5,5,4,5,2,5,5,1,8,7,7,7
2017-12-09T07:35:30Z,SXA7762,Female,18-29,1.65,140,Yes,BPlarger,33.3333333,2,1,1,1,2,2,1,1,2,2,1,1,1,2,1,1,1,1,1,1,6,3,2,5,3,3,3,6,5,6,3,3,6,6,3,3,3,4,3,4,3,3,2,2,3,4,3,2,4,4,4,7,6,9,7
2017-12-09T07:37:40Z,KRG2427,Female,18-29,1.62,52,Yes,BPlarger,0,3,1,2,1,4,1,1,1,4,3,1,3,1,2,1,3,3,1,3,1,6,6,6,6,5,3,7,7,7,7,6,5,6,6,7,4,6,5,5,5,5,4,5,5,4,4,5,1,5,3,1,7,6,8,8
2017-12-09T07:44:35Z,AWV4805,Female,18-29,1.62,86.18,Yes,Control,60,4,2,3,4,1,2,1,1,4,1,2,3,4,5,1,4,2,2,1,1,5,4,6,5,5,3,5,5,5,4,4,7,2,2,7,1,6,3,3,4,3,1,2,1,3,3,3,3,NA,NA,NA,7,9,9,9
2017-12-09T07:45:51Z,BRT4124,Female,18-29,1.61,60,Yes,BPaverage,33.3333333,2,1,3,1,3,1,1,1,2,4,1,2,1,3,1,1,2,1,1,1,5,5,4,6,6,6,7,7,7,6,7,5,5,5,7,6,7,4,4,4,5,3,4,4,3,4,4,4,5,4,4,10,10,10,10
2017-12-09T07:57:40Z,PHI8632,Female,18-29,1.52,50,Yes,Control,66.6666667,4,1,4,1,1,1,1,1,2,1,1,1,1,2,1,2,1,1,3,1,5,5,6,6,6,6,6,6,6,6,6,6,6,6,6,6,6,5,4,4,4,3,3,4,4,4,4,5,1,1,1,7,8,8,9
2017-12-09T08:23:27Z,WFO5415,Female,18-29,1.65,60,Yes,BPaverage,0,3,1,1,1,1,1,1,1,1,3,1,1,1,2,1,1,1,1,1,1,3,6,3,3,1,1,5,5,5,3,6,2,2,3,2,4,3,3,3,4,3,3,3,2,2,3,3,3,4,4,2,7,7,8,7
2017-12-09T08:30:05Z,JMC8734,Female,18-29,1.52,44.45,Yes,BPlarger,33.3333333,3,1,1,1,1,1,1,1,1,3,1,2,1,3,1,1,2,1,1,1,6,6,5,6,7,7,3,6,6,6,6,6,5,6,6,4,6,5,4,4,4,3,3,3,2,3,2,3,2,3,1,6,6,6,7
2017-12-09T08:30:42Z,YNO8399,Female,18-29,1.8,67,Yes,Control,25,3,1,3,2,3,3,1,1,4,1,1,2,1,3,1,1,2,1,1,1,6,5,6,6,4,4,4,5,6,5,6,6,6,5,6,6,6,4,4,4,4,3,3,4,4,4,4,1,1,1,1,8,8,8,8
2017-12-09T08:37:34Z,NLF1971,Female,NA,1.52,98,Yes,BPaverage,50,1,2,1,1,1,1,1,1,1,1,1,1,1,1,1,1,1,1,1,1,6,7,6,7,6,6,6,7,6,6,6,6,6,6,6,6,6,4,4,4,4,4,4,5,4,4,5,2,2,2,2,7,7,7,7
2017-12-09T08:58:14Z,JAF5640,Female,18-29,1.57,55,Yes,BPlarger,0,3,1,1,1,2,1,1,1,2,2,1,3,1,4,1,3,4,1,5,1,6,6,7,5,3,4,5,4,5,4,4,6,3,5,4,4,4,5,4,5,4,3,4,4,4,4,4,3,2,3,3,7,6,7,7
2017-12-09T08:59:03Z,KKH3788,Female,18-29,1.65,60,Yes,Control,25,3,1,2,1,1,1,1,1,3,1,1,1,1,4,1,2,1,1,3,1,3,3,2,5,3,5,4,5,6,4,5,3,2,5,4,2,5,3,3,4,3,4,3,2,2,2,3,3,NA,NA,NA,9,8,9,9
2017-12-09T09:42:49Z,RHD3245,Female,18-29,1.65,70,No,BPlarger,25,3,2,1,3,3,2,1,1,1,2,1,3,2,1,1,3,3,2,3,2,3,6,6,5,7,5,7,3,6,3,3,2,3,5,6,6,7,4,5,4,4,4,3,3,2,3,5,4,3,4,3,9,8,7,7
2017-12-09T10:02:30Z,GMH0985,Female,18-29,1.67,57.1,Yes,BPaverage,33.3333333,3,1,3,1,3,3,1,2,1,2,1,1,3,3,2,2,1,1,1,1,3,7,6,3,6,6,6,6,6,6,6,5,2,2,5,3,6,3,3,3,2,4,2,2,3,3,4,3,1,1,1,7,7,9,7
2017-12-09T10:34:51Z,ZZS6411,Female,18-29,1.6,69.85,Yes,Control,0,1,1,2,1,1,1,1,1,3,1,2,2,1,3,3,2,2,1,3,1,1,5,6,4,6,6,3,6,6,2,6,6,1,2,7,2,7,2,2,3,2,1,1,3,1,2,3,1,1,1,1,9,9,9,9
2017-12-09T11:04:44Z,PHL2739,NA,NA,NA,NA,NA,NA,NA,NA,NA,NA,NA,NA,NA,NA,NA,NA,NA,NA,NA,NA,NA,NA,NA,NA,NA,NA,NA,NA,NA,NA,NA,NA,NA,NA,NA,NA,NA,NA,NA,NA,NA,NA,NA,NA,NA,NA,NA,NA,NA,NA,NA,NA,NA,NA,NA,NA,NA,NA,NA,NA,NA,NA
2017-12-09T11:18:31Z,QZF5604,Female,18-29,1.54,63.5,Yes,BPlarger,25,1,1,1,1,1,1,1,1,1,1,1,1,1,1,1,1,2,1,1,1,1,2,2,2,4,4,2,6,6,6,6,4,1,2,6,6,6,3,3,3,2,3,2,3,2,2,2,2,3,1,1,6,6,7,7
2017-12-09T11:46:01Z,WPV6592,NA,NA,NA,NA,NA,NA,NA,NA,NA,NA,NA,NA,NA,NA,NA,NA,NA,NA,NA,NA,NA,NA,NA,NA,NA,NA,NA,NA,NA,NA,NA,NA,NA,NA,NA,NA,NA,NA,NA,NA,NA,NA,NA,NA,NA,NA,NA,NA,NA,NA,NA,NA,NA,NA,NA,NA,NA,NA,NA,NA,NA,NA
2017-12-09T11:52:51Z,NNE4235,Female,18-29,1.62,54,Yes,Control,0,4,1,2,1,3,2,1,1,4,5,1,1,1,4,1,1,2,3,1,1,3,6,6,6,2,7,7,6,3,6,6,4,3,5,2,3,2,3,3,4,2,3,3,1,3,3,3,3,3,5,5,10,10,10,9
2017-12-09T12:36:45Z,HUT2755,Female,18-29,1.72,59.42,Yes,BPaverage,66.6666667,3,1,2,1,1,1,1,1,4,5,1,3,1,3,1,3,3,1,3,1,3,6,7,2,1,5,2,6,7,5,6,6,6,3,1,1,2,4,4,4,4,4,4,4,2,3,4,1,1,5,1,8,7,9,7
2017-12-09T14:21:00Z,USR3456,Female,18-29,1.59,62,Yes,Control,50,2,1,1,1,4,1,1,1,2,2,1,4,1,2,1,1,4,1,1,1,6,7,6,7,6,7,7,7,7,7,7,6,7,7,7,7,6,4,4,5,4,5,4,4,3,3,3,1,1,1,1,9,7,7,7
2017-12-09T14:48:10Z,SFF7332,Female,50+,1.62,71,Yes,BPlarger,80,4,1,1,2,1,2,2,1,1,1,2,1,2,1,2,3,3,2,1,1,2,2,4,4,3,4,4,6,7,3,3,3,3,3,3,2,4,4,3,3,3,3,3,4,3,3,3,4,4,3,3,8,7,8,7
2017-12-09T16:27:40Z,KWT8691,Female,18-29,1.68,55,Yes,Control,25,2,1,1,1,3,1,1,1,1,1,1,2,1,3,2,2,2,1,2,1,5,3,3,3,2,2,2,4,5,4,4,3,3,5,5,5,3,4,4,3,4,3,3,2,3,4,2,1,NA,NA,NA,6,7,7,7
2017-12-09T18:38:38Z,KWA3860,Female,18-29,1.72,68,Yes,BPlarger,0,3,1,1,1,1,1,1,1,1,1,2,1,1,1,3,1,2,1,1,1,6,7,7,3,2,3,6,6,7,7,6,6,6,7,5,6,3,5,3,4,4,4,4,4,3,4,5,1,1,1,1,7,6,6,6
2017-12-09T21:20:15Z,AVY2286,Female,18-29,1.77,70,Yes,BPaverage,0,2,1,1,1,1,1,1,2,1,1,3,2,1,1,2,1,1,3,1,1,3,4,5,5,5,4,6,5,6,4,4,6,3,3,3,3,3,3,3,3,3,2,2,3,2,2,3,2,3,2,2,7,7,7,7
2017-12-10T00:43:08Z,ZUG9075,Female,18-29,1.88,64,Yes,Control,100,3,2,2,4,2,5,4,2,3,4,4,4,4,1,3,3,3,3,3,1,1,3,2,3,2,2,2,4,7,2,1,3,1,1,2,7,5,1,1,1,1,1,1,1,1,1,1,2,2,2,2,10,10,10,10
2017-12-10T01:50:08Z,DPO0507,Female,18-29,1.65,49.89,No,BPaverage,33.3333333,2,1,2,1,2,1,1,1,3,3,1,2,1,2,2,2,3,1,3,1,6,6,6,6,5,7,4,7,7,5,3,4,6,3,3,7,6,5,4,5,5,5,5,4,4,4,4,2,2,3,1,7,7,7,8
2017-12-10T02:06:28Z,KWR8200,Female,18-29,1.62,73.93,Yes,Control,100,2,1,2,2,1,1,1,2,1,1,2,1,1,1,1,2,1,1,1,1,2,5,6,6,6,2,6,6,5,5,4,2,1,3,5,5,3,5,2,4,2,4,2,3,3,2,2,1,1,1,1,9,9,9,9
2017-12-10T02:48:07Z,KTG0216,Female,18-29,1.6,45,No,BPlarger,66.6666667,4,2,3,1,2,1,1,1,3,3,2,4,1,4,4,4,3,3,3,2,4,5,5,5,5,5,6,6,6,4,4,4,4,5,5,5,6,4,3,3,3,3,3,4,3,4,3,4,3,1,1,7,6,6,7
2017-12-10T03:10:21Z,WEG9946,Female,18-29,1.72,68,Yes,Control,66.6666667,2,1,1,1,1,1,1,1,1,1,1,1,1,1,1,1,1,1,1,1,2,4,3,4,4,3,4,4,5,4,4,5,2,3,4,5,4,4,2,3,3,3,2,3,4,2,2,1,NA,NA,NA,7,8,9,7
2017-12-10T04:40:21Z,ZHP6775,Female,NA,1.72,69.85,No,BPlarger,40,3,1,3,1,3,2,1,1,4,2,1,2,1,1,2,2,2,1,2,1,2,5,5,2,5,5,5,4,6,6,6,2,2,2,6,4,5,3,3,4,2,4,3,2,2,3,2,2,4,4,4,8,8,8,8
2017-12-10T07:35:32Z,GOW8559,Female,18-29,1.65,57.1,Yes,BPlarger,50,2,1,1,1,3,4,2,1,3,4,2,2,3,3,1,2,1,1,1,1,5,4,6,5,6,4,5,5,7,4,4,5,2,3,5,3,4,4,3,4,2,2,3,2,3,4,4,5,5,4,4,9,8,7,7
2017-12-10T09:57:29Z,MRS6868,Female,18-29,1.62,72.12,Yes,Control,25,2,1,1,1,1,1,1,1,1,1,2,1,1,1,1,1,1,1,1,1,2,5,5,5,5,5,6,5,6,5,5,5,2,3,5,5,5,3,3,3,3,3,3,3,3,3,2,NA,NA,NA,NA,9,9,10,9
2017-12-10T10:48:53Z,WLN2366,Female,18-29,1.72,76.2,Yes,BPaverage,33.3333333,3,1,3,1,4,1,1,1,3,5,1,1,1,5,1,4,2,1,3,1,1,4,4,2,2,2,3,6,6,2,2,5,1,2,2,3,2,2,1,2,1,2,2,2,2,1,2,4,2,4,4,10,10,10,10
2017-12-10T10:56:14Z,DSC1164,Female,18-29,1.75,59.42,Yes,BPlarger,20,3,1,1,1,1,1,1,1,1,1,1,2,1,2,1,2,2,1,1,1,5,5,5,5,5,5,5,5,6,6,6,6,3,3,3,3,4,4,3,5,4,4,4,4,3,4,4,5,5,5,5,9,9,9,9
2017-12-11T02:41:14Z,LRE2820,Female,18-29,1.71,82.55,Yes,BPlarger,66.6666667,2,1,2,2,4,1,1,1,3,3,1,3,2,3,1,5,3,1,5,1,2,3,5,3,2,5,5,5,6,6,2,2,2,2,5,3,5,2,3,4,3,2,2,3,3,3,3,4,4,4,4,8,8,9,8
2017-12-11T10:46:54Z,BRU2689,Female,18-29,1.62,53.07,Yes,BPlarger,50,4,1,4,1,4,1,2,1,4,4,2,3,1,4,2,4,5,2,2,1,6,5,5,5,6,5,5,3,7,7,6,7,6,6,6,6,6,4,4,5,4,4,4,4,4,5,4,1,1,1,1,7,6,7,6
2017-12-11T14:01:22Z,KZR1385,Female,18-29,1.62,73,Yes,Control,25,2,4,1,1,1,1,1,1,1,1,2,1,2,1,1,2,4,1,1,1,2,5,5,5,6,5,5,4,6,4,5,5,1,1,5,2,4,1,2,2,1,2,2,2,3,2,3,1,NA,NA,NA,10,9,9,10
2017-12-11T14:31:16Z,JII0156,Female,18-29,1.7,89,Yes,BPaverage,25,4,1,3,1,1,1,4,2,3,1,2,3,4,4,4,3,2,2,3,4,3,4,2,2,7,5,6,6,7,4,5,4,1,1,6,4,4,1,2,3,2,3,1,1,2,1,2,5,5,5,5,7,6,7,6
2017-12-12T10:53:53Z,JRS1909,Female,18-29,1.57,50,Yes,BPlarger,100,2,1,1,1,2,2,1,1,1,2,1,3,2,1,1,1,1,1,1,2,5,7,7,7,7,7,7,7,7,7,7,7,5,5,7,5,7,3,3,3,3,3,3,3,2,3,3,2,1,2,2,7,7,9,7
2017-12-12T14:50:44Z,SOD4662,Female,18-29,1.6,62,No,Control,33.3333333,2,2,1,2,1,1,1,1,1,1,1,1,1,1,1,1,1,1,1,1,3,5,5,5,6,4,5,4,5,5,4,5,2,3,3,3,4,3,3,3,3,2,2,2,3,3,2,1,1,1,1,9,9,9,9
2017-12-14T04:12:34Z,PLJ7419,Female,NA,1.54,64.86,Yes,BPlarger,100,5,1,2,1,1,2,1,1,3,3,1,2,1,3,1,1,3,1,2,1,2,4,5,4,3,4,5,4,6,6,6,3,1,1,5,6,3,3,3,4,2,4,3,3,4,2,3,5,5,5,5,7,8,8,9
2017-12-14T04:30:28Z,VYD4538,NA,NA,NA,NA,NA,NA,NA,NA,NA,NA,NA,NA,NA,NA,NA,NA,NA,NA,NA,NA,NA,NA,NA,NA,NA,NA,NA,NA,NA,NA,NA,NA,NA,NA,NA,NA,NA,NA,NA,NA,NA,NA,NA,NA,NA,NA,NA,NA,NA,NA,NA,NA,NA,NA,NA,NA,NA,NA,NA,NA,NA,NA
2017-12-14T04:32:21Z,SQT5339,Female,18-29,1.67,62.59,Yes,BPaverage,75,3,1,3,2,1,4,4,1,3,5,1,3,1,5,4,3,3,1,4,2,5,1,1,6,4,4,5,4,1,4,2,1,5,5,4,6,3,4,3,3,4,3,2,3,1,3,1,3,2,1,1,7,7,6,7
2017-12-14T04:37:07Z,CIO6474,Female,40-49,1.57,65.77,No,BPaverage,100,2,1,1,1,3,1,1,1,3,3,1,3,1,3,1,3,2,1,3,1,3,5,5,5,3,7,7,7,6,7,7,7,3,5,6,5,7,3,3,3,3,3,3,3,3,3,3,3,3,4,4,7,7,7,7
2017-12-14T05:21:55Z,XKU6204,Female,18-29,1.72,91.1,Yes,Control,100,4,1,3,1,4,1,1,1,3,4,1,3,1,3,2,4,3,2,2,1,3,5,6,6,6,6,7,5,5,6,5,3,3,3,3,4,3,4,3,4,4,4,4,3,4,4,4,2,NA,NA,NA,9,7,9,7
2017-12-14T05:23:42Z,MOV5622,Female,30-39,1.62,63.5,No,BPaverage,100,4,1,1,1,3,1,1,1,3,4,1,1,1,4,1,4,1,1,4,1,6,6,6,4,6,5,6,6,6,6,5,3,4,4,4,5,6,3,4,3,3,2,2,4,4,4,4,1,1,1,1,7,6,6,6
2017-12-14T06:36:17Z,XOH0467,Female,18-29,1.52,82.55,Yes,Control,100,1,1,5,1,4,1,1,3,4,5,2,1,1,5,1,5,5,1,4,1,5,6,6,7,7,7,7,7,7,6,6,7,2,3,5,3,7,4,3,5,4,2,2,3,4,2,3,3,3,3,3,7,8,9,7
2017-12-14T06:39:51Z,GPD5576,Female,50+,1.6,140.53,Yes,BPlarger,100,1,1,1,1,1,1,1,1,1,1,1,1,1,2,1,2,1,1,1,1,1,6,6,6,5,7,7,7,5,7,5,5,1,4,7,1,1,2,2,3,3,3,1,1,1,1,1,1,1,1,1,6,6,6,6
2017-12-14T08:11:33Z,KMO0749,Female,40-49,1.65,69.85,Yes,BPaverage,100,3,1,3,1,3,1,1,1,3,4,1,2,1,4,1,1,3,1,3,1,1,4,5,4,3,4,2,4,5,4,3,1,1,1,5,1,4,4,1,2,2,3,2,3,2,3,3,1,3,1,1,8,8,8,8
2017-12-14T13:31:19Z,GJG8579,Female,18-29,1.57,95.25,Yes,BPaverage,100,2,4,1,3,1,1,2,1,1,1,4,4,5,2,4,2,1,1,1,2,1,2,2,1,5,3,3,7,4,2,2,7,1,1,1,1,5,1,3,3,1,1,1,2,1,1,1,5,5,5,5,10,10,10,10
2017-12-14T13:41:03Z,GHW0941,Female,50+,1.57,83,No,Control,0,2,1,1,2,2,1,1,1,2,4,2,2,1,1,1,1,2,1,1,1,2,4,2,3,5,3,5,5,5,4,4,3,1,3,4,3,5,2,2,2,2,3,2,2,3,3,2,1,1,1,1,7,7,7,7
2017-12-14T13:51:41Z,UAB5979,Female,50+,1.75,108.86,No,BPlarger,100,2,1,1,1,1,1,1,1,1,1,1,1,1,1,1,2,2,1,2,1,1,4,4,5,4,5,5,6,6,5,6,4,3,3,5,4,4,3,2,3,3,3,2,3,3,2,1,3,5,5,4,7,7,7,7
2017-12-15T06:12:36Z,OPQ7626,Female,50+,1.6,108.86,Yes,BPaverage,0,1,1,1,1,1,1,1,1,1,1,1,1,1,1,1,1,1,1,1,1,1,2,2,2,2,2,2,2,5,2,2,2,1,1,1,1,1,1,1,1,1,1,1,1,1,1,1,1,1,1,1,6,6,6,6
2017-12-15T13:46:50Z,NXI7526,Female,18-29,1.62,60,Yes,Control,33.3333333,4,1,2,1,4,1,1,1,3,1,2,4,1,3,1,3,4,1,3,1,3,7,6,6,6,3,3,6,6,6,6,3,1,6,6,3,5,4,3,4,2,3,3,3,3,4,4,NA,NA,NA,NA,10,10,9,10
2017-12-16T05:16:22Z,HCY0822,Female,18-29,1.54,57,Yes,BPaverage,33.3333333,4,1,1,1,4,1,1,1,4,4,1,2,1,4,1,3,3,1,1,1,2,5,6,3,7,6,6,5,6,5,4,5,1,3,3,5,4,3,2,4,3,4,2,3,2,2,3,5,5,5,4,9,10,9,9
2017-12-16T07:47:24Z,QVP8471,Female,18-29,1.67,114.3,Yes,BPlarger,0,3,2,3,1,4,2,3,3,2,2,1,3,2,3,1,5,2,1,1,1,1,4,4,1,2,4,6,5,6,4,1,1,1,1,5,2,1,2,2,2,1,1,1,2,1,1,3,5,5,3,5,9,7,10,7
2017-12-16T09:08:46Z,QHM2369,Female,18-29,1.7,70,Yes,BPaverage,33.3333333,1,1,1,1,2,1,1,1,1,4,1,1,1,3,1,2,1,1,1,1,5,3,5,3,6,5,5,6,7,5,4,5,2,3,6,5,6,4,3,4,3,3,3,4,4,4,3,3,1,2,1,7,6,6,6
2017-12-16T09:29:06Z,ZGY8003,Female,50+,1.62,67.58,No,BPaverage,33.3333333,3,1,2,1,3,1,1,1,3,2,1,3,1,3,1,2,4,1,4,1,2,6,3,1,2,3,1,7,5,5,1,3,3,3,1,1,2,5,4,5,5,4,3,4,5,5,5,1,2,1,1,6,7,6,6
2017-12-16T12:21:57Z,LJX8794,NA,NA,NA,NA,NA,NA,NA,NA,NA,NA,NA,NA,NA,NA,NA,NA,NA,NA,NA,NA,NA,NA,NA,NA,NA,NA,NA,NA,NA,NA,NA,NA,NA,NA,NA,NA,NA,NA,NA,NA,NA,NA,NA,NA,NA,NA,NA,NA,NA,NA,NA,NA,NA,NA,NA,NA,NA,NA,NA,NA,NA,NA
2017-12-17T03:05:43Z,RRB8521,Female,18-29,1.76,64,Yes,BPlarger,33.3333333,1,1,1,1,1,1,1,1,1,1,1,1,3,1,1,1,1,1,1,1,5,5,3,4,5,5,4,6,7,7,3,5,5,3,4,3,4,5,3,4,3,4,3,3,4,5,3,1,1,1,1,6,6,6,7
2017-12-17T04:10:27Z,VLE5283,Female,18-29,1.51,50,Yes,Control,NA,2,1,2,1,1,1,1,1,1,1,1,2,1,3,1,3,3,1,1,1,6,5,5,6,5,3,5,6,7,6,6,5,5,5,5,6,6,NA,NA,NA,NA,NA,NA,NA,NA,NA,NA,NA,NA,NA,NA,NA,NA,NA,NA
2017-12-17T11:56:38Z,XNF9949,Female,18-29,1.62,49.44,Yes,Control,NA,3,1,1,1,1,1,1,1,2,1,1,3,1,2,1,1,2,1,1,1,6,6,6,6,6,6,6,6,7,6,6,6,5,6,6,6,6,NA,NA,NA,NA,NA,NA,NA,NA,NA,NA,NA,NA,NA,NA,NA,NA,NA,NA
2017-12-17T14:26:08Z,VMG5438,Female,18-29,1.7,69.85,Yes,Control,0,3,1,1,1,1,1,1,1,1,1,1,1,1,1,1,1,1,1,1,1,6,6,6,6,6,6,6,6,6,6,6,6,6,6,6,6,3,4,4,4,4,3,3,4,3,4,4,1,1,1,1,7,7,7,7
2017-12-18T08:16:01Z,YRX3206,Female,18-29,1.57,46.72,Yes,Control,50,3,2,1,3,2,1,2,1,1,1,3,3,1,2,2,1,3,2,2,2,3,2,4,4,2,2,2,3,5,3,5,2,5,5,6,6,3,4,3,4,3,5,2,3,3,2,3,2,1,2,1,10,9,10,9
2017-12-18T13:06:39Z,VRL7175,Female,18-29,1.6,49.7,Yes,BPaverage,33.3333333,4,1,1,1,5,1,1,1,5,4,1,4,1,4,1,4,3,1,4,1,6,6,5,5,5,6,6,6,7,7,6,6,6,6,6,6,2,5,4,5,5,4,4,5,4,5,5,3,1,1,1,9,9,8,8
2017-12-21T05:26:43Z,NQK5816,Female,40-49,1.76,77.5,No,BPlarger,100,1,1,1,1,1,1,1,1,1,1,1,1,1,1,1,1,1,1,4,1,5,7,7,7,7,7,7,7,7,7,7,1,2,7,7,6,7,4,4,4,4,5,4,4,4,4,4,1,1,1,1,7,7,7,7
2017-12-21T11:19:20Z,GRV2560,Female,18-29,1.75,65.31,Yes,BPlarger,25,4,2,5,1,5,1,1,1,5,5,1,4,1,5,1,5,4,3,2,1,6,5,6,4,3,3,5,5,7,7,6,5,5,5,6,5,1,5,3,4,5,5,4,4,5,5,5,1,1,1,1,7,6,7,7
2017-12-21T11:22:08Z,COW1131,Female,18-29,1.72,108,Yes,BPlarger,33.3333333,4,1,3,1,2,2,1,1,3,4,1,2,1,3,2,2,3,1,1,1,6,6,7,3,6,5,7,7,7,7,6,5,7,7,6,6,7,4,4,5,4,4,4,5,2,3,4,1,1,2,1,7,6,7,9
2017-12-21T11:36:02Z,XBE9168,Female,18-29,1.6,90,Yes,BPaverage,0,2,1,1,1,3,1,1,1,3,3,1,1,2,2,1,1,1,1,1,1,2,2,2,2,3,3,3,4,3,3,2,2,2,4,3,2,2,3,3,4,3,3,3,3,4,3,4,3,3,2,2,10,9,8,9
2017-12-21T12:41:40Z,XUR4994,Female,18-29,1.51,54,Yes,Control,100,4,2,1,4,2,5,3,4,3,1,4,4,3,2,5,3,4,5,2,5,1,3,1,5,5,5,3,6,4,5,4,1,1,1,4,1,6,3,1,3,3,2,1,3,4,2,1,5,5,NA,NA,10,10,10,10
2017-12-21T13:17:56Z,PGG6157,Female,18-29,1.6,108.9,Yes,BPlarger,33.3333333,4,1,4,1,5,1,1,1,4,5,1,3,1,5,1,5,4,1,3,1,5,7,5,5,7,7,7,6,7,3,2,5,4,5,7,7,7,4,4,4,5,5,5,5,4,4,5,5,5,5,5,9,7,6,7
2017-12-21T13:45:24Z,FPJ3679,Female,18-29,1.69,90,Yes,BPlarger,50,3,3,2,1,4,1,1,1,3,5,3,3,1,4,1,1,2,1,2,1,3,7,7,4,4,4,5,4,7,4,4,5,2,2,4,1,1,3,2,2,1,2,2,1,3,3,2,4,5,5,5,8,7,10,7
2017-12-21T15:04:35Z,UID5971,Female,18-29,1.65,113.9,Yes,BPaverage,33.3333333,4,3,4,2,3,4,4,2,4,3,2,2,4,4,4,4,4,2,2,4,2,3,3,2,2,3,3,4,5,2,1,2,1,1,2,1,1,3,3,3,3,3,3,3,2,3,2,5,5,5,5,9,9,9,9
2017-12-21T15:20:57Z,NSE4246,Female,18-29,1.72,88.9,Yes,BPaverage,25,3,1,2,1,3,1,1,1,4,3,1,2,1,3,1,2,3,1,2,1,3,3,3,2,5,4,6,5,6,5,3,4,1,3,5,4,5,4,2,4,3,4,2,3,2,4,3,4,4,5,1,9,9,9,9
2017-12-21T16:37:14Z,KNU3396,Female,18-29,1.7,73,Yes,BPaverage,33.3333333,4,1,3,1,4,1,1,1,3,4,1,3,1,4,1,2,4,1,1,1,6,6,6,6,5,6,7,6,7,7,6,3,6,6,6,6,6,5,4,4,4,3,4,4,4,3,3,4,4,4,4,9,7,8,7
2017-12-21T16:56:06Z,WOC9223,Female,18-29,1.71,98,Yes,BPlarger,45.4545455,3,1,3,1,1,1,1,3,3,4,1,1,1,2,1,1,1,1,1,1,1,1,1,1,1,1,3,7,4,2,1,2,1,1,3,4,1,1,1,2,1,1,1,1,1,1,1,3,3,5,5,10,10,10,9
2017-12-21T17:08:45Z,ROZ5254,Female,18-29,1.6,122.4,Yes,BPlarger,50,3,1,2,1,4,2,2,1,1,3,1,2,1,3,1,2,1,1,1,1,2,6,5,2,7,7,6,7,3,3,3,5,1,1,2,1,2,3,2,3,4,2,3,3,4,2,3,5,5,5,4,7,7,7,7
2017-12-21T17:18:56Z,ZRV2155,Female,NA,1.7,89,Yes,BPaverage,0,5,1,2,1,4,3,4,1,2,4,3,2,2,4,4,3,3,1,2,2,1,3,5,3,3,4,6,6,7,3,6,6,1,1,7,1,6,4,2,3,2,3,3,3,2,2,3,5,4,5,5,8,9,9,9
2017-12-21T17:32:49Z,HTQ4872,Female,18-29,1.75,108,Yes,Control,25,4,1,3,1,2,1,1,1,3,1,1,1,1,4,1,1,2,1,1,1,7,7,7,7,7,7,7,7,6,7,7,7,6,7,7,7,7,5,5,5,5,5,5,5,5,5,5,1,1,1,1,7,7,7,7
2017-12-21T17:47:18Z,BQJ1467,Female,30-39,1.7,114.3,Yes,Control,50,3,2,1,3,3,3,1,2,3,1,4,2,1,1,3,2,2,1,2,1,2,5,5,5,6,6,6,7,7,6,6,4,2,2,6,1,4,3,2,3,2,2,2,3,3,3,3,1,1,1,1,7,7,7,7
2017-12-21T18:14:40Z,PML1993,Female,18-29,1.67,61,Yes,BPaverage,40,3,2,1,1,2,2,1,2,3,3,2,5,1,2,3,3,5,1,2,1,3,4,3,6,2,3,2,7,6,1,7,1,1,2,7,3,1,4,3,4,3,3,2,3,3,2,2,5,3,5,1,10,10,10,10
2017-12-21T18:21:12Z,PGD2965,Female,18-29,1.63,80,Yes,Control,75,4,3,1,2,1,5,2,1,1,1,1,3,5,3,4,1,3,3,1,1,2,3,4,4,3,2,4,6,7,6,5,5,2,3,6,1,4,3,2,4,2,2,3,2,2,3,3,3,NA,NA,NA,8,9,7,8
2017-12-21T18:33:02Z,KJJ7176,Female,30-39,1.62,99.79,Yes,BPlarger,0,5,1,5,1,5,1,1,1,5,5,1,5,1,5,1,5,5,1,5,1,1,2,1,1,1,1,1,1,1,1,1,1,1,1,1,1,1,1,1,1,1,1,1,1,1,1,1,2,4,2,4,10,10,10,10
2017-12-21T18:36:44Z,XVR3826,Female,18-29,1.67,72,Yes,BPaverage,66.6666667,4,1,2,1,3,1,1,1,3,2,1,4,1,3,1,3,4,1,3,1,6,6,5,5,7,7,7,6,7,7,7,6,3,6,6,6,6,4,4,5,4,3,4,4,4,4,4,1,1,1,1,6,6,6,6
2017-12-21T18:45:10Z,JOR6879,Female,NA,1.7,106.14,Yes,BPlarger,100,3,1,2,1,2,2,3,1,4,3,3,2,1,3,4,4,2,1,1,3,3,3,5,5,4,5,5,6,6,5,5,6,2,1,5,3,5,3,3,3,3,2,3,3,3,3,4,5,5,5,5,8,7,9,8
2017-12-21T19:28:04Z,NBZ4406,Female,18-29,1.82,154.18,Yes,BPlarger,33.3333333,5,1,5,1,5,1,1,1,4,5,1,2,1,5,1,5,5,1,3,1,1,1,1,1,1,5,6,7,6,2,1,7,1,1,1,1,4,1,2,3,3,3,2,2,3,2,2,2,2,1,2,10,10,10,10
2017-12-21T20:27:29Z,ODM9672,Female,30-39,1.69,94,Yes,Control,33.3333333,4,1,4,1,3,2,1,1,4,2,1,3,2,3,1,2,2,1,2,1,3,3,3,1,7,3,6,7,6,5,1,7,2,2,6,5,5,3,3,3,3,3,3,3,3,3,3,2,3,3,3,8,7,7,7
2017-12-21T21:34:12Z,LTG1194,Female,18-29,1.65,90.7,Yes,Control,50,2,2,1,2,1,2,2,1,1,1,3,2,3,1,3,1,1,2,1,1,2,2,2,2,5,5,5,4,5,3,2,2,2,2,4,2,3,3,2,3,2,2,2,3,2,3,3,4,NA,NA,NA,7,7,7,7
2017-12-21T22:13:37Z,VPR6254,Female,50+,1.72,95.25,Yes,BPaverage,25,4,1,3,1,4,2,2,1,5,5,1,2,1,4,2,3,3,1,1,2,4,4,6,4,5,6,5,4,7,6,4,6,4,3,4,3,2,4,4,4,4,4,4,4,3,4,4,5,5,4,4,9,9,9,9
2017-12-22T01:03:34Z,DLO6826,Female,30-39,1.67,158.75,Yes,Control,0,1,2,3,1,3,2,1,1,2,2,2,2,3,3,4,4,3,3,2,3,5,5,5,3,5,3,6,6,5,4,2,5,3,3,5,3,3,4,4,3,3,3,3,3,5,3,3,1,1,1,1,6,9,9,9
2017-12-22T01:43:10Z,DVY8855,Female,18-29,1.65,88,Yes,BPlarger,100,4,2,4,1,2,5,4,1,2,4,2,1,5,1,4,4,2,1,1,1,2,3,3,3,2,5,5,7,7,3,3,2,1,1,1,1,1,2,1,2,1,3,1,1,2,2,2,5,5,5,5,10,10,10,10
2017-12-22T03:03:46Z,SPR5456,Female,18-29,1.67,70,Yes,BPaverage,50,3,2,3,1,4,2,1,1,4,5,1,2,2,4,1,4,2,2,3,1,6,5,4,3,6,4,6,6,6,5,6,6,5,5,6,5,6,5,3,5,5,4,3,3,3,3,3,4,5,5,2,9,9,9,9
2017-12-22T04:06:33Z,WOW0942,Female,30-39,1.72,88.9,Yes,Control,25,2,1,4,1,2,3,1,1,4,3,2,5,1,4,2,1,4,2,2,1,5,7,6,5,3,7,7,6,7,6,7,6,3,3,6,5,5,5,3,4,3,2,4,3,3,3,3,1,1,1,1,7,7,7,7
2017-12-22T04:34:18Z,UXG2973,Female,18-29,1.59,76,Yes,BPaverage,25,4,1,4,1,5,1,1,2,5,5,1,2,1,5,1,4,3,1,4,1,2,3,2,1,1,5,3,4,5,4,1,1,1,1,1,3,3,3,2,3,3,3,2,4,2,2,3,1,1,1,1,7,8,8,9
2017-12-22T04:52:45Z,KOE2331,Female,18-29,1.73,101,Yes,BPlarger,25,4,1,3,1,4,1,1,1,4,4,1,1,1,4,1,4,4,1,3,1,3,5,5,5,7,6,6,7,7,6,5,6,5,5,5,7,6,4,3,5,4,3,4,4,3,3,4,3,4,3,3,9,9,9,9
2017-12-22T05:49:45Z,FSB6263,NA,NA,NA,NA,NA,NA,NA,NA,NA,NA,NA,NA,NA,NA,NA,NA,NA,NA,NA,NA,NA,NA,NA,NA,NA,NA,NA,NA,NA,NA,NA,NA,NA,NA,NA,NA,NA,NA,NA,NA,NA,NA,NA,NA,NA,NA,NA,NA,NA,NA,NA,NA,NA,NA,NA,NA,NA,NA,NA,NA,NA,NA
2017-12-22T06:45:48Z,UXT1263,Female,NA,1.75,111.13,Yes,BPaverage,33.3333333,3,2,3,1,4,2,3,1,2,2,3,4,2,5,2,4,2,3,3,4,6,5,6,3,7,7,7,5,3,3,4,5,3,3,3,3,3,4,4,4,4,4,3,3,4,3,4,4,5,4,5,9,9,10,10
2017-12-22T07:07:20Z,CRV4217,Female,18-29,1.6,70.3,Yes,BPaverage,20,5,2,3,1,4,1,1,1,5,5,1,1,2,5,1,1,2,1,1,1,5,3,5,3,6,3,4,7,7,7,7,5,3,2,7,4,5,4,3,5,3,3,3,3,4,4,4,5,5,5,5,7,7,7,7
2017-12-22T07:14:19Z,MPI5697,Female,18-29,1.6,66,Yes,BPlarger,60,5,1,4,1,3,4,1,1,4,4,1,3,2,5,1,4,3,1,3,1,2,6,5,4,6,6,6,6,7,7,7,5,2,5,6,3,1,3,2,4,3,3,2,3,3,4,3,5,1,1,1,9,8,10,8
2017-12-22T07:23:22Z,MPV2033,Female,NA,1.49,95.25,Yes,Control,50,4,2,2,1,1,1,2,1,1,1,2,3,1,2,3,1,3,2,1,2,1,2,1,1,6,6,5,7,7,3,3,5,1,1,2,1,6,3,1,1,1,2,1,1,2,1,1,5,5,5,5,9,9,10,10
2017-12-22T07:44:45Z,KFO2389,NA,NA,NA,NA,NA,NA,NA,NA,NA,NA,NA,NA,NA,NA,NA,NA,NA,NA,NA,NA,NA,NA,NA,NA,NA,NA,NA,NA,NA,NA,NA,NA,NA,NA,NA,NA,NA,NA,NA,NA,NA,NA,NA,NA,NA,NA,NA,NA,NA,NA,NA,NA,NA,NA,NA,NA,NA,NA,NA,NA,NA,NA
2017-12-22T08:13:33Z,JUU2869,Female,18-29,1.67,75,Yes,BPaverage,33.3333333,3,1,4,1,4,1,1,1,5,5,1,2,1,4,2,3,4,1,4,1,2,7,6,5,6,7,7,4,7,3,4,5,1,2,4,5,4,3,3,4,2,4,2,3,3,2,4,3,4,4,3,8,7,8,7
2017-12-22T11:36:27Z,GZN0528,Female,18-29,1.62,53,Yes,Control,50,3,1,3,1,2,1,1,1,2,1,1,1,1,3,1,1,1,1,1,1,6,6,7,7,6,6,6,6,7,5,7,6,6,5,7,6,7,4,3,5,4,4,4,4,4,4,5,1,1,1,1,10,7,9,8
2017-12-23T00:52:01Z,ANF7593,Female,30-39,1.78,125,Yes,Control,25,3,1,4,1,4,1,1,2,5,4,1,4,2,4,5,3,3,4,3,2,2,2,6,3,6,4,6,4,6,3,5,1,1,1,5,5,6,4,3,4,4,3,4,4,3,3,4,1,NA,NA,NA,9,9,9,9
2017-12-28T11:27:51Z,EYD1117,Female,18-29,1.5,80.2,Yes,BPaverage,NA,3,2,3,1,3,1,1,1,3,3,1,1,4,2,1,3,1,1,1,1,2,5,5,3,3,6,6,6,7,3,4,3,1,3,3,3,4,NA,NA,NA,NA,NA,NA,NA,NA,NA,NA,NA,NA,NA,NA,NA,NA,NA,NA
2017-12-28T11:28:34Z,XMG2944,Female,40-49,1.7,60,Yes,Control,33.3333333,2,1,2,1,2,2,1,1,2,2,2,3,1,2,1,2,3,1,2,1,6,6,6,6,7,7,7,6,6,6,6,6,4,7,6,7,7,4,4,5,4,3,4,3,4,5,3,1,NA,NA,NA,7,7,7,7
2017-12-28T15:09:43Z,JKR6256,Female,18-29,1.57,88,Yes,Control,100,3,4,1,3,1,4,5,4,2,1,3,1,5,1,4,3,1,5,1,4,1,6,5,1,5,5,7,7,6,1,1,6,1,1,6,1,6,3,2,3,1,3,1,2,1,1,1,5,NA,NA,NA,10,9,10,10
2017-12-28T16:04:11Z,GNN0246,Female,30-39,1.52,60,Yes,Control,75,3,1,2,1,2,1,1,1,3,2,3,2,1,3,3,3,2,1,1,1,2,6,5,3,7,6,7,4,7,3,2,5,1,3,7,3,1,4,3,5,3,3,2,2,4,4,3,3,1,1,1,8,9,9,9
2017-12-28T23:08:19Z,HOP6959,Female,40-49,1.7,158,Yes,BPaverage,40,4,1,3,1,4,1,1,1,3,4,1,3,1,5,1,4,3,1,2,1,3,6,6,7,7,7,7,7,7,7,6,6,3,6,6,3,7,4,4,4,4,4,4,4,4,4,5,2,1,2,2,7,7,7,7
2017-12-28T23:21:59Z,ELU5305,Female,18-29,1.7,88,Yes,BPlarger,NA,2,3,1,4,1,5,3,3,1,1,4,4,2,1,4,2,1,3,1,4,1,6,6,4,5,5,5,5,4,2,2,4,1,1,3,1,4,NA,NA,NA,NA,NA,NA,NA,NA,NA,NA,NA,NA,NA,NA,NA,NA,NA,NA
2017-12-29T07:39:12Z,FQQ3974,Female,18-29,1.61,90,Yes,Control,33.3333333,2,1,1,3,1,3,2,1,1,1,2,1,2,1,2,2,1,1,1,2,2,4,5,5,5,5,6,5,7,4,3,6,1,1,5,3,1,3,3,4,4,3,4,4,2,4,4,3,4,4,4,7,8,9,8
2017-12-29T09:41:03Z,TBD8871,Female,18-29,1.62,97,Yes,BPaverage,66.6666667,4,1,4,1,1,1,1,1,4,5,1,3,1,5,1,4,3,1,4,1,6,7,6,7,7,7,7,7,7,7,7,7,7,5,7,6,7,5,4,4,4,4,5,5,4,4,4,1,1,1,1,7,6,6,6
2018-01-05T05:31:39Z,ZEX2963,Female,18-29,1.52,56,Yes,BPlarger,50,3,1,1,1,1,1,1,1,2,1,1,1,1,2,1,1,2,1,1,1,5,7,5,6,6,5,6,7,6,6,3,6,5,3,3,3,4,4,3,4,3,4,3,2,2,3,2,4,5,5,5,8,8,7,7
2018-01-05T06:01:40Z,WWK4478,Female,18-29,1.72,65.77,No,Control,50,2,1,1,3,2,1,1,2,1,1,2,2,1,2,1,3,3,1,1,1,1,4,3,7,1,5,3,5,6,5,6,1,1,1,5,3,4,3,2,2,2,2,1,2,2,2,2,2,NA,NA,NA,7,6,8,7
2018-01-05T06:10:42Z,QAJ8327,Female,18-29,1.54,48,Yes,BPaverage,25,3,2,1,2,4,4,1,2,3,3,2,3,4,4,2,3,3,3,2,1,3,6,5,3,4,2,4,6,6,3,4,1,2,3,4,3,5,5,3,5,2,3,3,4,2,2,2,4,4,5,2,9,10,9,9
2018-01-05T06:27:57Z,MTD7091,Female,18-29,1.6,69.85,Yes,Control,0,2,1,1,1,1,1,1,1,1,1,1,1,1,1,1,1,1,1,1,1,4,4,4,4,4,4,4,4,4,4,4,4,4,4,4,4,4,4,4,4,3,4,3,4,3,4,3,1,1,1,1,7,6,6,6
2018-01-05T07:19:30Z,ILC3179,NA,NA,NA,NA,NA,NA,NA,NA,NA,NA,NA,NA,NA,NA,NA,NA,NA,NA,NA,NA,NA,NA,NA,NA,NA,NA,NA,NA,NA,NA,NA,NA,NA,NA,NA,NA,NA,NA,NA,NA,NA,NA,NA,NA,NA,NA,NA,NA,NA,NA,NA,NA,NA,NA,NA,NA,NA,NA,NA,NA,NA,NA
2018-01-05T12:55:00Z,SMM2460,Female,18-29,1.6,44.45,Yes,BPlarger,0,2,1,3,1,4,1,1,1,4,4,1,3,1,4,1,1,3,1,1,1,6,5,5,6,5,6,5,7,7,7,7,3,5,7,6,6,7,4,3,4,4,2,3,4,3,4,5,4,2,2,1,7,6,9,7
2018-01-06T06:30:12Z,KTV9149,NA,NA,NA,NA,NA,NA,NA,NA,NA,NA,NA,NA,NA,NA,NA,NA,NA,NA,NA,NA,NA,NA,NA,NA,NA,NA,NA,NA,NA,NA,NA,NA,NA,NA,NA,NA,NA,NA,NA,NA,NA,NA,NA,NA,NA,NA,NA,NA,NA,NA,NA,NA,NA,NA,NA,NA,NA,NA,NA,NA,NA,NA
2018-01-06T09:30:23Z,CON6214,Female,18-29,1.9,69.85,Yes,Control,0,4,1,2,1,3,1,1,1,2,1,1,2,1,4,1,1,1,1,1,1,4,6,6,6,6,5,7,7,7,7,5,6,3,3,6,3,4,4,3,4,3,4,2,4,3,4,3,1,1,1,1,7,7,7,7
2018-01-07T01:45:12Z,XGC6939,Female,50+,1.6,76.2,Yes,BPaverage,50,4,1,1,1,3,1,1,1,4,1,1,1,1,4,1,4,4,1,1,1,2,5,6,4,6,4,6,4,6,4,4,4,4,4,4,4,4,3,3,4,4,4,2,4,4,4,4,4,2,1,1,6,6,6,6
2018-01-12T06:09:49Z,YRT8703,NA,NA,NA,NA,NA,NA,NA,NA,NA,NA,NA,NA,NA,NA,NA,NA,NA,NA,NA,NA,NA,NA,NA,NA,NA,NA,NA,NA,NA,NA,NA,NA,NA,NA,NA,NA,NA,NA,NA,NA,NA,NA,NA,NA,NA,NA,NA,NA,NA,NA,NA,NA,NA,NA,NA,NA,NA,NA,NA,NA,NA,NA
2018-01-12T19:15:39Z,FRJ6208,Female,18-29,1.7,63.5,Yes,BPaverage,22.2222222,2,1,1,2,1,2,2,3,1,1,3,1,2,1,1,1,1,1,1,1,5,6,5,5,3,3,5,7,5,5,5,5,2,3,5,3,5,3,3,3,3,3,3,3,3,3,3,2,3,3,3,10,10,10,10
2018-01-13T11:05:36Z,GCH6327,Female,18-29,1.78,76,Yes,BPaverage,NA,1,1,1,1,4,1,1,1,3,5,1,1,1,3,1,3,3,1,1,1,6,6,7,7,6,5,4,6,7,4,4,5,3,3,6,6,4,NA,NA,NA,NA,NA,NA,NA,NA,NA,NA,NA,NA,NA,NA,NA,NA,NA,NA
2018-01-15T13:22:59Z,POR4546,Female,18-29,1.56,50,Yes,BPlarger,50,1,4,1,2,4,4,3,4,1,3,1,3,2,4,4,3,3,2,1,1,2,6,6,4,4,6,6,6,6,6,4,2,1,2,5,1,4,5,4,4,4,5,5,4,4,4,5,2,3,3,1,7,7,8,7
2018-02-03T07:56:37Z,FIG4859,Female,18-29,1.62,54,Yes,BPaverage,33.3333333,4,1,1,1,4,1,1,1,3,4,1,2,1,4,1,3,1,1,4,1,6,6,5,5,3,2,4,6,6,6,6,3,5,6,6,6,6,4,4,4,4,4,4,3,3,3,3,3,2,2,2,9,7,7,7
2018-02-07T13:10:09Z,VEN3591,NA,NA,NA,NA,NA,NA,NA,NA,NA,NA,NA,NA,NA,NA,NA,NA,NA,NA,NA,NA,NA,NA,NA,NA,NA,NA,NA,NA,NA,NA,NA,NA,NA,NA,NA,NA,NA,NA,NA,NA,NA,NA,NA,NA,NA,NA,NA,NA,NA,NA,NA,NA,NA,NA,NA,NA,NA,NA,NA,NA,NA,NA
2018-02-11T10:13:53Z,ICP5977,Female,18-29,1.62,59.42,Yes,Control,50,1,1,1,1,1,1,1,1,3,1,1,2,1,1,1,1,1,1,3,1,3,6,7,7,5,7,5,7,7,7,7,2,2,2,7,4,2,3,3,4,3,4,4,3,3,3,4,1,1,1,1,7,7,6,7
2018-02-11T10:24:14Z,GXM5728,Female,18-29,1.72,78,Yes,BPaverage,50,2,2,1,2,1,1,1,1,1,1,2,1,1,1,1,1,1,1,1,1,2,3,4,4,5,3,5,5,5,5,4,5,2,2,4,2,4,2,2,2,2,3,2,2,2,2,2,3,3,4,4,9,9,9,9
2018-02-18T05:03:12Z,BNX0320,Female,50+,1.62,72,Yes,Control,66.6666667,5,2,2,1,1,2,2,1,4,4,2,3,1,4,2,4,4,2,2,1,3,5,5,4,3,4,4,4,6,3,4,3,3,3,2,5,4,4,3,3,4,3,3,3,4,3,4,1,NA,NA,NA,8,8,9,9
2018-02-19T16:36:24Z,YIZ1453,Female,50+,1.5,55,No,BPlarger,66.6666667,1,1,1,1,1,1,1,1,2,1,1,1,1,1,1,1,1,1,1,1,3,3,5,5,3,4,5,4,6,3,5,5,2,2,3,2,3,5,3,3,3,3,2,5,4,4,3,1,1,1,2,7,7,6,7
2018-02-19T17:06:54Z,FIK1066,Female,50+,1.62,60,No,BPaverage,33.3333333,3,1,1,1,2,2,1,1,3,2,2,1,1,3,4,2,2,2,1,2,3,3,3,4,2,2,6,6,5,4,4,3,3,3,5,1,2,3,3,3,3,3,1,2,2,3,3,1,1,1,1,7,7,7,7
2018-02-20T07:03:19Z,CCF7498,Female,18-29,1.74,64,Yes,Control,66.6666667,3,2,2,2,1,1,2,1,3,3,2,4,1,2,1,1,4,2,2,2,5,6,5,5,6,6,6,6,6,6,6,2,2,5,5,3,3,3,3,3,3,2,2,3,2,2,3,1,1,1,1,10,9,10,10
2018-02-20T13:13:51Z,KAX3091,Female,50+,1.57,48,No,Control,50,4,1,3,1,4,2,1,1,4,3,1,5,1,5,1,4,4,2,4,1,3,3,3,3,5,4,4,5,6,6,4,4,5,5,4,5,4,3,3,3,3,2,2,2,3,3,3,1,2,2,1,6,6,6,6
2018-02-23T09:12:23Z,DSN2362,Female,18-29,1.6,51,Yes,BPlarger,60,3,2,2,3,3,2,1,1,2,2,3,2,1,2,3,2,2,3,1,1,5,6,6,5,4,5,5,5,7,6,5,5,4,6,5,4,4,5,3,4,4,4,3,4,5,4,4,3,3,1,1,9,7,9,7
2018-02-23T09:44:02Z,DIT2550,Female,18-29,1.62,52,Yes,BPaverage,75,4,3,2,2,3,3,2,1,2,2,2,1,2,1,2,2,2,2,1,3,6,4,4,6,6,2,2,6,7,6,5,1,6,5,4,5,6,3,4,4,4,4,3,3,3,4,3,2,2,1,1,7,6,7,7
2018-02-23T10:06:13Z,RAT3927,Female,18-29,1.6,58.51,Yes,Control,33.3333333,1,1,2,1,1,1,1,2,2,1,3,3,1,1,1,2,3,2,1,1,6,6,5,6,5,6,6,6,6,6,6,6,6,6,6,6,5,4,4,4,4,2,4,4,2,4,4,1,NA,NA,NA,8,8,8,8
2018-02-23T12:10:32Z,ZNP6167,Female,18-29,1.62,47.5,Yes,BPaverage,60,1,1,4,1,5,1,2,1,4,5,1,4,1,5,2,4,4,2,4,4,3,5,5,7,7,7,7,7,5,5,5,3,3,3,3,5,5,3,3,5,3,3,5,5,5,3,5,1,1,1,1,7,7,7,7
2018-02-23T12:21:01Z,IUY1138,Female,18-29,1.68,70,Yes,BPlarger,25,1,4,1,2,4,1,1,3,2,3,5,3,1,1,1,3,3,2,2,1,2,6,6,5,3,5,6,5,7,3,2,6,3,2,6,2,5,4,3,4,3,2,2,3,3,3,3,3,2,2,4,8,8,9,9
2018-02-23T12:24:48Z,OEJ1440,Female,18-29,1.65,61,Yes,Control,66.6666667,4,1,2,1,3,1,1,1,2,1,3,3,2,4,3,2,3,1,2,1,5,5,2,5,3,6,6,6,7,5,5,6,4,3,2,2,5,4,3,3,3,4,2,3,2,3,2,5,2,2,2,7,7,8,7
2018-02-23T12:40:41Z,XEG9045,Female,18-29,1.67,64,Yes,BPaverage,50,2,2,2,1,4,1,1,1,4,5,1,1,1,2,1,3,2,1,3,1,5,6,6,6,5,7,7,5,6,5,6,6,5,6,6,3,6,4,4,5,4,4,4,4,3,3,4,2,2,4,3,7,7,7,7
2018-02-23T15:45:50Z,LXE0280,Female,18-29,1.59,80,Yes,BPlarger,33.3333333,3,1,2,1,2,1,1,1,3,2,1,2,1,3,1,2,1,1,2,1,3,5,5,5,6,5,7,4,4,3,4,5,3,3,5,2,4,4,3,4,4,3,3,4,4,5,3,5,4,4,4,7,7,8,8
2018-02-24T01:51:09Z,CFH3677,Female,18-29,1.78,85,No,Control,33.3333333,2,2,1,2,1,1,1,1,3,1,2,3,1,4,1,2,3,1,1,1,5,6,3,3,6,6,5,6,7,4,4,3,2,3,6,3,6,4,3,3,3,4,4,3,3,3,3,2,NA,3,3,7,7,8,8
2018-02-24T02:17:29Z,PJR1600,Female,NA,1.68,62,Yes,BPlarger,33.3333333,1,1,1,1,3,1,1,1,3,2,1,3,1,2,1,3,4,2,1,1,7,7,7,7,7,7,7,7,7,7,7,7,5,6,7,6,7,4,4,4,5,3,4,4,4,5,5,1,1,1,1,7,6,6,6
2018-02-24T04:43:19Z,NWU9934,Female,18-29,1.75,71,Yes,BPaverage,33.3333333,4,1,4,1,2,1,2,1,3,3,1,3,1,3,2,2,3,1,2,1,5,6,6,4,5,6,6,5,6,7,6,5,3,5,5,6,5,3,3,4,3,3,2,3,2,3,3,5,4,5,5,7,6,7,6
2018-02-24T09:36:23Z,KJP1124,Female,18-29,1.67,75,Yes,BPaverage,66.6666667,4,1,2,1,3,2,1,1,3,4,2,3,1,2,1,1,3,1,2,1,5,7,7,7,7,6,7,7,7,7,7,7,2,3,6,6,6,4,4,5,3,4,3,4,4,4,4,4,4,NA,2,7,6,7,6
2018-02-24T12:35:22Z,LWX5800,Female,18-29,1.6,46,Yes,Control,33.3333333,3,2,3,1,2,2,2,1,2,2,1,2,1,3,2,2,2,1,1,1,5,5,5,4,5,4,5,6,6,6,5,6,5,5,4,4,4,4,3,4,4,4,3,3,3,3,3,3,NA,NA,NA,8,7,9,7
2018-02-25T01:05:09Z,DGC0859,Female,18-29,1.66,46,Yes,BPaverage,0,2,1,3,1,3,1,1,1,2,4,1,3,1,3,1,2,3,1,2,1,6,5,6,4,5,6,5,7,6,7,7,4,6,7,6,5,2,5,4,5,5,4,4,4,5,5,4,2,3,3,2,8,7,9,7
2018-02-25T17:11:26Z,AXY9952,Female,18-29,1.66,60,Yes,BPlarger,50,4,2,3,1,2,1,2,1,4,4,2,2,1,3,1,3,4,3,4,2,7,7,7,7,7,7,7,7,7,7,7,7,7,7,7,7,7,5,5,5,5,5,5,5,4,4,4,5,5,4,4,9,8,10,9
2018-02-26T03:40:31Z,GCA7173,Female,18-29,1.7,69.85,Yes,Control,100,2,1,1,1,1,1,1,1,1,1,1,3,1,1,1,1,3,1,1,1,3,4,2,4,5,3,2,4,7,4,4,4,2,2,4,2,4,3,3,3,3,4,2,2,3,2,2,1,NA,NA,NA,8,7,8,7
2018-02-26T06:30:17Z,ODY9561,NA,NA,NA,NA,NA,NA,NA,NA,NA,NA,NA,NA,NA,NA,NA,NA,NA,NA,NA,NA,NA,NA,NA,NA,NA,NA,NA,NA,NA,NA,NA,NA,NA,NA,NA,NA,NA,NA,NA,NA,NA,NA,NA,NA,NA,NA,NA,NA,NA,NA,NA,NA,NA,NA,NA,NA,NA,NA,NA,NA,NA,NA
2018-02-26T06:31:32Z,EAX2136,Female,18-29,1.7,53,Yes,Control,60,3,3,3,1,1,1,2,2,3,3,4,2,1,3,2,3,2,1,3,1,2,4,3,2,3,6,6,6,2,2,2,5,3,3,6,1,6,3,3,2,1,2,1,3,1,3,1,1,1,1,1,10,10,10,10
